{"cameraMode":{"drawMode":0,"name":"Shaded","section":"Shading Mode"},"sceneLighting":true,"audioPlay":false,"sceneViewState":{"m_AlwaysRefresh":false,"showFog":true,"showSkybox":true,"showFlares":true,"showImageEffects":true,"showParticleSystems":true,"showVisualEffectGraphs":true,"m_FxEnabled":true},"in2DMode":false,"pivot":{"x":-22.815099716186525,"y":5.992486953735352,"z":-21.060482025146486},"rotation":{"x":-0.23186132311820985,"y":-0.009915914386510849,"z":0.0023691284004598858,"w":-0.9727075099945068},"size":2.863969326019287,"orthographic":false}